{"cameraMode":{"drawMode":0,"name":"Shaded","section":"Shading Mode"},"sceneLighting":true,"audioPlay":false,"sceneViewState":{"m_AlwaysRefresh":true,"showFog":true,"showSkybox":true,"showFlares":true,"showImageEffects":true,"showParticleSystems":true,"showVisualEffectGraphs":true,"m_FxEnabled":true},"in2DMode":false,"pivot":{"x":113.859130859375,"y":8.00964641571045,"z":126.15533447265625},"rotation":{"x":0.05365019291639328,"y":-0.036962077021598819,"z":0.020124154165387155,"w":1.0007069110870362},"size":6.199298858642578,"orthographic":false}