{"cameraMode":{"drawMode":0,"name":"Shaded","section":"Shading Mode"},"sceneLighting":true,"audioPlay":false,"sceneViewState":{"m_AlwaysRefresh":true,"showFog":true,"showSkybox":true,"showFlares":true,"showImageEffects":true,"showParticleSystems":true,"showVisualEffectGraphs":true,"m_FxEnabled":true},"in2DMode":false,"pivot":{"x":110.03486633300781,"y":8.765310287475586,"z":131.74110412597657},"rotation":{"x":0.04221763089299202,"y":0.03673645481467247,"z":0.039683230221271518,"w":1.0015450716018677},"size":0.8660253882408142,"orthographic":false}